"Rk","Pos","Player","Sta","Opp (GMT)","FPts","FP/G"
"1","G","Pantilimon, Costel - SUN","FA","@CRY Mon 8:00PM","2189.73","182.48"
"2","G","Butland, Jack - STK","FA","@SOU Sat 3:00PM","2125.64","177.14"
"3","G","Ruddy, John - NOR","FA","@CHE Sat 3:00PM","2103.72","175.31"
"4","G","Gomes, Heurelho - WAT","FA","MUN Sat 12:45PM","2085.67","173.81"
"5","G","Guzan, Brad - AVL","FA","@EVE Sat 3:00PM","2079.88","173.32"
"6","G","Fabianski, Lukasz - SWA","FA","BOUR Sat 3:00PM","2047.34","170.61"
"7","G","Howard, Tim - EVE","FA","AVL Sat 3:00PM","2023.81","168.65"
"8","G","Myhill, Boaz - WBA","FA","ARS Sat 3:00PM","2021.7","168.48"
"9","G","Schmeichel, Kasper - LEIC","FA","@NEW Sat 3:00PM","1979.66","164.97"
"10","G","Mignolet, Simon - LIV","FA","@MCI Sat 5:30PM","1966.82","163.9"
"11","G","Cech, Petr - ARS","FA","@WBA Sat 3:00PM","1958.23","163.19"
"12","G","Lloris, Hugo - TOT","FA","WHU Sun 4:00PM","1902.17","172.86"
"13","G","Stekelenburg, Maarten - SOU","FA","STK Sat 3:00PM","1743.67","158.46"
"14","G","Hart, Joe - MCI","FA","LIV Sat 5:30PM","1619.75","147.2"
"15","G","Begovic, Asmir - CHE","FA","NOR Sat 3:00PM","1527.76","152.66"
"16","G","Krul, Tim - NEW","FA","LEIC Sat 3:00PM","1511.85","188.78"
"17","G","Adrián - WHU","FA","@TOT Sun 4:00PM","1508.55","167.46"
"18","G","Boruc, Artur - BOUR","FA","@SWA Sat 3:00PM","1390.71","154.39"
"19","G","de Gea, David - MUN","FA","@WAT Sat 12:45PM","1251.82","156.23"
"20","G","McCarthy, Alex - CRY","WW","SUN Mon 8:00PM","1083.75","180.23"
"21","G","Hennessey, Wayne - CRY","FA","SUN Mon 8:00PM","992.67","165.06"
"22","G","Elliot, Robert - NEW","FA","LEIC Sat 3:00PM","694.6","173.22"
"23","G","Romero, Sergio - MUN","WW","@WAT Sat 12:45PM","633.5","157.96"
"24","G","Randolph, Darren - WHU","FA","@TOT Sun 4:00PM","497.43","165.2"
"25","G","Federici, Adam - BOUR","FA","@SWA Sat 3:00PM","474.55","158.05"
"26","G","Courtois, Thibaut - CHE","FA","NOR Sat 3:00PM","438.02","145.5"
"27","G","Vorm, Michel - TOT","FA","WHU Sun 4:00PM","198.5","198.04"
"28","G","Davis, Kelvin - SOU","FA","STK Sat 3:00PM","181.71","181.06"
"29","G","Caballero, Willy - MCI","FA","LIV Sat 5:30PM","181.5","181.04"
"30","F","Vardy, Jamie - LEIC","FA","@NEW Sat 3:00PM","12","1"
"31","F","Ighalo, Odion - WAT","FA","MUN Sat 12:45PM","7","0.58"
"32","F","Lukaku, Romelu - EVE","FA","AVL Sat 3:00PM","7","0.58"
"33","M","Mahrez, Riyad - LEIC","FA","@NEW Sat 3:00PM","7","0.64"
"34","F","Agüero, Sergio - MCI","FA","LIV Sat 5:30PM","6","0.75"
"35","F","Giroud, Olivier - ARS","FA","@WBA Sat 3:00PM","6","0.5"
"36","F","Kane, Harry - TOT","FA","WHU Sun 4:00PM","6","0.5"
"37","F","Pellè, Graziano - SOU","FA","STK Sat 3:00PM","6","0.5"
"38","F","Sánchez, Alexis - ARS","FA","@WBA Sat 3:00PM","6","0.5"
"39","M","Wijnaldum, Georginio - NEW","FA","LEIC Sat 3:00PM","6","0.5"
"40","M","Ayew, André - SWA","FA","BOUR Sat 3:00PM","5","0.42"
"41","F","Koné, Arouna - EVE","FA","AVL Sat 3:00PM","5","0.42"
"42","M","Payet, Dimitri - WHU","FA","@TOT Sun 4:00PM","5","0.42"
"43","F","Wilson, Callum - BOUR","FA","@SWA Sat 3:00PM","5","0.71"
"44","F","Benteke, Christian - LIV","FA","@MCI Sat 5:30PM","4","0.44"
"45","M","Cabaye, Yohan - CRY","FA","SUN Mon 8:00PM","4","0.33"
"46","M","Coutinho, Philippe - LIV","FA","@MCI Sat 5:30PM","4","0.36"
"47","F","Fletcher, Steven - SUN","FA","@CRY Mon 8:00PM","4","0.36"
"48","F","Gomis, Bafétimbi - SWA","FA","BOUR Sat 3:00PM","4","0.33"
"49","M","Mata, Juan - MUN","FA","@WAT Sat 12:45PM","4","0.33"
"50","M","Redmond, Nathan - NOR","FA","@CHE Sat 3:00PM","4","0.36"
"51","F","Sterling, Raheem - MCI","FA","LIV Sat 5:30PM","4","0.36"
"52","F","Arnautovic, Marko - STK","FA","@SOU Sat 3:00PM","3","0.27"
"53","M","Barkley, Ross - EVE","FA","AVL Sat 3:00PM","3","0.25"
"54","F","Berahino, Saido - WBA","FA","ARS Sat 3:00PM","3","0.3"
"55","M,F","De Bruyne, Kevin - MCI","WW","LIV Sat 5:30PM","3","0.38"
"56","F","Defoe, Jermain - SUN","FA","@CRY Mon 8:00PM","3","0.3"
"57","F","Diouf, Mame Biram - STK","FA","@SOU Sat 3:00PM","3","0.38"
"58","F","Gestede, Rudy - AVL","WW","@EVE Sat 3:00PM","3","0.25"
"59","M","Kouyaté, Cheikhou - WHU","FA","@TOT Sun 4:00PM","3","0.27"
"60","M","Lanzini, Manuel - WHU","WW","@TOT Sun 4:00PM","3","0.3"
"61","M","Mané, Sadio - SOU","FA","STK Sat 3:00PM","3","0.25"
"62","F","Martial, Anthony - MUN","WW","@WAT Sat 12:45PM","3","0.38"
"63","D","Martin, Russell - NOR","FA","@CHE Sat 3:00PM","3","0.27"
"64","F","Naismith, Steven - EVE","FA","AVL Sat 3:00PM","3","0.33"
"65","F","Ayoze Pérez - NEW","FA","LEIC Sat 3:00PM","3","0.3"
"66","F","Rondón, Salomón - WBA","WW","ARS Sat 3:00PM","3","0.27"
"67","F","Sakho, Diafra - WHU","FA","@TOT Sun 4:00PM","3","0.3"
"68","M","Tadic, Dusan - SOU","FA","STK Sat 3:00PM","3","0.27"
"69","M","Dele Alli - TOT","FA","WHU Sun 4:00PM","2","0.18"
"70","F","Ayew, Jordan - AVL","WW","@EVE Sat 3:00PM","2","0.25"
"71","M","Bolasie, Yannick - CRY","FA","SUN Mon 8:00PM","2","0.18"
"72","F","Bony, Wilfried - MCI","FA","LIV Sat 5:30PM","2","0.2"
"73","M","Willian - CHE","FA","NOR Sat 3:00PM","2","0.18"
"74","F","Diego Costa - CHE","FA","NOR Sat 3:00PM","2","0.2"
"75","D","Dann, Scott - CRY","FA","SUN Mon 8:00PM","2","0.18"
"76","M","Davis, Steven - SOU","FA","STK Sat 3:00PM","2","0.17"
"77","F","Deeney, Troy - WAT","FA","MUN Sat 12:45PM","2","0.17"
"78","M","Dembélé, Mousa - TOT","FA","WHU Sun 4:00PM","2","0.22"
"79","D","Dier, Eric - TOT","FA","WHU Sun 4:00PM","2","0.18"
"80","M","Eriksen, Christian - TOT","FA","WHU Sun 4:00PM","2","0.22"
"81","M","Herrera, Ander - MUN","FA","@WAT Sat 12:45PM","2","0.25"
"82","F","Ings, Danny - LIV","FA","@MCI Sat 5:30PM","2","0.4"
"83","D","Jenkinson, Carl - WHU","FA","@TOT Sun 4:00PM","2","0.2"
"84","F","Jerome, Cameron - NOR","FA","@CHE Sat 3:00PM","2","0.17"
"85","D","Kompany, Vincent - MCI","FA","LIV Sat 5:30PM","2","0.25"
"86","D","Koscielny, Laurent - ARS","FA","@WBA Sat 3:00PM","2","0.2"
"87","F","Bojan - STK","FA","@SOU Sat 3:00PM","2","0.25"
"88","M","Lamela, Erik - TOT","FA","WHU Sun 4:00PM","2","0.18"
"89","F","Lens, Jeremain - SUN","WW","@CRY Mon 8:00PM","2","0.22"
"90","M","Fernandinho - MCI","FA","LIV Sat 5:30PM","2","0.17"
"91","F","Dieumerci Mbokani - NOR","WW","@CHE Sat 3:00PM","2","0.33"
"92","F","Mitrovic, Aleksandar - NEW","WW","LEIC Sat 3:00PM","2","0.2"
"93","M","Morrison, James - WBA","FA","ARS Sat 3:00PM","2","0.22"
"94","F","Murray, Glenn - BOUR","FA","@SWA Sat 3:00PM","2","0.22"
"95","M","Noble, Mark - WHU","FA","@TOT Sun 4:00PM","2","0.17"
"96","M","Ritchie, Matt - BOUR","FA","@SWA Sat 3:00PM","2","0.17"
"97","F","Rooney, Wayne - MUN","FA","@WAT Sat 12:45PM","2","0.18"
"98","M","Sako, Bakary - CRY","WW","SUN Mon 8:00PM","2","0.25"
"99","M","Ramires - CHE","FA","NOR Sat 3:00PM","2","0.25"
"100","M","Sigurdsson, Gylfi - SWA","FA","BOUR Sat 3:00PM","2","0.17"
"101","M","Sinclair, Scott - AVL","FA","@EVE Sat 3:00PM","2","0.22"
"102","F","Sturridge, Daniel - LIV","FA","@MCI Sat 5:30PM","2","0.67"
"103","M","Yaya Touré - MCI","FA","LIV Sat 5:30PM","2","0.18"
"104","F","Walcott, Theo - ARS","FA","@WBA Sat 3:00PM","2","0.25"
"105","F","Walters, Jonathan - STK","FA","@SOU Sat 3:00PM","2","0.25"
"106","D","Ward, Joel - CRY","FA","SUN Mon 8:00PM","2","0.4"
"107","F","Zárate, Mauro - WHU","FA","@TOT Sun 4:00PM","2","0.25"
"108","D","van Dijk, Virgil - SOU","WW","STK Sat 3:00PM","2","0.25"
"109","M","Abdi, Almen - WAT","FA","MUN Sat 12:45PM","1","0.1"
"110","M","Albrighton, Marc - LEIC","FA","@NEW Sat 3:00PM","1","0.08"
"111","D","Alderweireld, Toby - TOT","FA","WHU Sun 4:00PM","1","0.08"
"112","D","Azpilicueta, César - CHE","FA","NOR Sat 3:00PM","1","0.08"
"113","D,M","Blind, Daley - MUN","FA","@WAT Sat 12:45PM","1","0.1"
"114","M","Brady, Robbie - NOR","WW","@CHE Sat 3:00PM","1","0.08"
"115","D","Cahill, Gary - CHE","FA","NOR Sat 3:00PM","1","0.11"
"116","F","Campbell, Joel - ARS","WW","@WBA Sat 3:00PM","1","0.5"
"117","F","Carroll, Andy - WHU","FA","@TOT Sun 4:00PM","1","0.17"
"118","M","Chadli, Nacer - TOT","FA","WHU Sun 4:00PM","1","0.11"
"119","F","Cissé, Papiss Demba - NEW","FA","LEIC Sat 3:00PM","1","0.12"
"120","D","Cook, Steve - BOUR","FA","@SWA Sat 3:00PM","1","0.1"
"121","D","Dawson, Craig - WBA","FA","ARS Sat 3:00PM","1","0.08"
"122","D","Delaney, Damien - CRY","FA","SUN Mon 8:00PM","1","0.14"
"123","F","Depay, Memphis - MUN","FA","@WAT Sat 12:45PM","1","0.12"
"124","F","Deulofeu, Gerard - EVE","FA","AVL Sat 3:00PM","1","0.1"
"125","M","Dyer, Nathan - LEIC","FA","@NEW Sat 3:00PM","1","0.17"
"126","D","Fonte, Jose - SOU","FA","STK Sat 3:00PM","1","0.08"
"127","F","Falcao - CHE","FA","NOR Sat 3:00PM","1","0.11"
"128","D","Gibbs, Kieran - ARS","FA","@WBA Sat 3:00PM","1","0.2"
"129","M","Carles Gil - AVL","FA","@EVE Sat 3:00PM","1","0.12"
"130","M","Gosling, Dan - BOUR","FA","@SWA Sat 3:00PM","1","0.09"
"131","M","Grealish, Jack - AVL","FA","@EVE Sat 3:00PM","1","0.12"
"132","M","Hoolahan, Wes - NOR","FA","@CHE Sat 3:00PM","1","0.1"
"133","M","Howson, Jonny - NOR","FA","@CHE Sat 3:00PM","1","0.08"
"134","F","Iheanacho, Kelechi - MCI","WW","LIV Sat 5:30PM","1","0.12"
"135","D","Janmaat, Daryl - NEW","FA","LEIC Sat 3:00PM","1","0.09"
"136","M","Jarvis, Matthew - NOR","FA","@CHE Sat 3:00PM","1","0.12"
"137","M","Johnson, Adam - SUN","FA","@CRY Mon 8:00PM","1","0.14"
"138","D","Jones, Billy - SUN","FA","@CRY Mon 8:00PM","1","0.08"
"139","M","Kanté, N'Golo - LEIC","WW","@NEW Sat 3:00PM","1","0.08"
"140","D","Kolarov, Aleksandar - MCI","FA","LIV Sat 5:30PM","1","0.09"
"141","F","Lambert, Rickie - WBA","FA","ARS Sat 3:00PM","1","0.09"
"142","M","Lingard, Jesse - MUN","FA","@WAT Sat 12:45PM","1","0.25"
"143","F","Long, Shane - SOU","FA","STK Sat 3:00PM","1","0.25"
"144","M","M'Vila, Yann - SUN","WW","@CRY Mon 8:00PM","1","0.09"
"145","M","Mason, Ryan - TOT","FA","WHU Sun 4:00PM","1","0.12"
"146","M","Matic, Nemanja - CHE","FA","NOR Sat 3:00PM","1","0.09"
"147","M","Milner, James - LIV","FA","@MCI Sat 5:30PM","1","0.09"
"148","M","Moses, Victor - WHU","FA","@TOT Sun 4:00PM","1","0.14"
"149","M","Nasri, Samir - MCI","FA","LIV Sat 5:30PM","1","0.14"
"150","F","Okazaki, Shinji - LEIC","WW","@NEW Sat 3:00PM","1","0.08"
"151","D","Otamendi, Nicolás - MCI","WW","LIV Sat 5:30PM","1","0.14"
"152","M","Pugh, Marc - BOUR","FA","@SWA Sat 3:00PM","1","0.11"
"153","M","Ramsey, Aaron - ARS","FA","@WBA Sat 3:00PM","1","0.11"
"154","F","Pedro - CHE","WW","NOR Sat 3:00PM","1","0.12"
"155","M","Schlupp, Jeffrey - LEIC","FA","@NEW Sat 3:00PM","1","0.08"
"156","M","Schneiderlin, Morgan - MUN","FA","@WAT Sat 12:45PM","1","0.1"
"157","M","Silva, David - MCI","FA","LIV Sat 5:30PM","1","0.2"
"158","M","Son Heung-Min - TOT","WW","WHU Sun 4:00PM","1","0.25"
"159","F","Watmore, Duncan - SUN","WW","@CRY Mon 8:00PM","1","0.2"
"160","D","Whittaker, Steven - NOR","FA","@CHE Sat 3:00PM","1","0.12"
"161","M","Zaha, Wilfried - CRY","FA","SUN Mon 8:00PM","1","0.08"
"162","D","Zouma, Kurt - CHE","FA","NOR Sat 3:00PM","1","0.09"
"163","D","de Laet, Ritchie - LEIC","FA","@NEW Sat 3:00PM","1","0.14"
"164","M","Oscar - CHE","FA","NOR Sat 3:00PM","1","0.17"
"165","M","Özil, Mesut - ARS","FA","@WBA Sat 3:00PM","1","0.09"
"166","M","Aarons, Rolando - NEW","FA","LEIC Sat 3:00PM","0","0"
"167","M","Adam, Charlie - STK","FA","@SOU Sat 3:00PM","0","0"
"168","M","Afellay, Ibrahim - STK","WW","@SOU Sat 3:00PM","0","0"
"169","F","Agbonlahor, Gabriel - AVL","FA","@EVE Sat 3:00PM","0","0"
"170","D","Aina, Ola - CHE","WW","NOR Sat 3:00PM","0","0"
"171","D","Aké, Nathan - WAT","FA","MUN Sat 12:45PM","0","0"
"172","M","Allen, Joe - LIV","FA","@MCI Sat 5:30PM","0","0"
"173","G","Allsop, Ryan - BOUR","FA","@SWA Sat 3:00PM","0","0"
"174","D","Cédric Soares - SOU","FA","STK Sat 3:00PM","0","0"
"175","M","Amalfitano, Morgan - WHU","FA","@TOT Sun 4:00PM","0","0"
"176","D","Amat, Jordi - SWA","FA","BOUR Sat 3:00PM","0","0"
"177","D","Amavi, Jordan - AVL","WW","@EVE Sat 3:00PM","0","0"
"178","G","Amelia, Marco - CHE","WW","NOR Sat 3:00PM","0","0"
"179","F","Anichebe, Victor - WBA","FA","ARS Sat 3:00PM","0","0"
"180","M","Anita, Vurnon - NEW","FA","LEIC Sat 3:00PM","0","0"
"181","M","Antonio, Michail - WHU","WW","@TOT Sun 4:00PM","0","0"
"182","M","Anya, Ikechi - WAT","FA","MUN Sat 12:45PM","0","0"
"183","G","Arlauskis, Giedrius - WAT","FA","MUN Sat 12:45PM","0","0"
"184","M","Arter, Harry - BOUR","FA","@SWA Sat 3:00PM","0","0"
"185","M","Arteta, Mikel - ARS","FA","@WBA Sat 3:00PM","0","0"
"186","M","Atsu, Christian - BOUR","FA","@SWA Sat 3:00PM","0","0"
"187","D","Baba Rahman - CHE","WW","NOR Sat 3:00PM","0","0"
"188","D","Bacuna, Leandro - AVL","FA","@EVE Sat 3:00PM","0","0"
"189","D","Baines, Leighton - EVE","FA","AVL Sat 3:00PM","0","0"
"190","F","Bamford, Patrick - CRY","FA","SUN Mon 8:00PM","0","0"
"191","F","Roberto Firmino - LIV","WW","@MCI Sat 5:30PM","0","0"
"192","D","Bardsley, Phil - STK","FA","@SOU Sat 3:00PM","0","0"
"193","F","Barlaser, Daniel - NEW","WW","LEIC Sat 3:00PM","0","0"
"194","F","Barrow, Modou - SWA","WW","BOUR Sat 3:00PM","0","0"
"195","M","Barry, Gareth - EVE","FA","AVL Sat 3:00PM","0","0"
"196","D","Bartley, Kyle - SWA","FA","BOUR Sat 3:00PM","0","0"
"197","D","Bassong, Sebastien - NOR","FA","@CHE Sat 3:00PM","0","0"
"198","M","Behrami, Valon - WAT","FA","MUN Sat 12:45PM","0","0"
"199","D","Belkalem, Essaïd - WAT","FA","MUN Sat 12:45PM","0","0"
"200","D","Bellerín, Héctor - ARS","FA","@WBA Sat 3:00PM","0","0"
"201","D","Benalouane, Yohan - LEIC","WW","@NEW Sat 3:00PM","0","0"
"202","M","Bennacer, Ismael - ARS","WW","@WBA Sat 3:00PM","0","0"
"203","D","Bennett, Joe - BOUR","FA","@SWA Sat 3:00PM","0","0"
"204","D","Bennett, Ryan - NOR","FA","@CHE Sat 3:00PM","0","0"
"205","M","Bentaleb, Nabil - TOT","FA","WHU Sun 4:00PM","0","0"
"206","F","Berghuis, Steven - WAT","WW","MUN Sat 12:45PM","0","0"
"207","D","Bertrand, Ryan - SOU","FA","STK Sat 3:00PM","0","0"
"208","M","Besic, Muhamed - EVE","FA","AVL Sat 3:00PM","0","0"
"209","M","Bielik, Krystian - ARS","WW","@WBA Sat 3:00PM","0","0"
"210","M","Bigirimana, Gael - NEW","FA","LEIC Sat 3:00PM","0","0"
"211","G","Blackman, Jamal - CHE","FA","NOR Sat 3:00PM","0","0"
"212","F","Blyth, Jacob - LEIC","WW","@NEW Sat 3:00PM","0","0"
"213","G","Bogdan, Adam - LIV","FA","@MCI Sat 5:30PM","0","0"
"214","F","Borini, Fabio - SUN","FA","@CRY Mon 8:00PM","0","0"
"215","D","Borthwick-Jackson, Cameron - MUN","WW","@WAT Sat 12:45PM","0","0"
"216","M","Brannagan, Cameron - LIV","WW","@MCI Sat 5:30PM","0","0"
"217","M","Bridcutt, Liam - SUN","FA","@CRY Mon 8:00PM","0","0"
"218","D","Britos, Miguel - WAT","WW","MUN Sat 12:45PM","0","0"
"219","M","Britton, Leon - SWA","FA","BOUR Sat 3:00PM","0","0"
"220","D","Brown, Wes - SUN","FA","@CRY Mon 8:00PM","0","0"
"221","D","Browning, Tyias - EVE","FA","AVL Sat 3:00PM","0","0"
"222","M","Brunt, Chris - WBA","FA","ARS Sat 3:00PM","0","0"
"223","D","Buckley, Callum - BOUR","WW","@SWA Sat 3:00PM","0","0"
"224","G","Bunn, Mark - AVL","FA","@EVE Sat 3:00PM","0","0"
"225","F","Butcher, Matt - BOUR","WW","@SWA Sat 3:00PM","0","0"
"226","D","Cameron, Geoff - STK","FA","@SOU Sat 3:00PM","0","0"
"227","F","Campbell, Fraizer - CRY","FA","SUN Mon 8:00PM","0","0"
"228","M","Can, Emre - LIV","FA","@MCI Sat 5:30PM","0","0"
"229","M","Capoue, Etienne - WAT","FA","MUN Sat 12:45PM","0","0"
"230","D","Cargill, Baily - BOUR","FA","@SWA Sat 3:00PM","0","0"
"231","M","Carrick, Michael - MUN","FA","@WAT Sat 12:45PM","0","0"
"232","M","Carroll, Tom - TOT","FA","WHU Sun 4:00PM","0","0"
"233","D","Cathcart, Craig - WAT","FA","MUN Sat 12:45PM","0","0"
"234","M","Cattermole, Lee - SUN","FA","@CRY Mon 8:00PM","0","0"
"235","D","Caulker, Steven - SOU","WW","STK Sat 3:00PM","0","0"
"236","M","Cazorla, Santiago - ARS","FA","@WBA Sat 3:00PM","0","0"
"237","F","Chamakh, Marouane - CRY","FA","SUN Mon 8:00PM","0","0"
"238","D","Chambers, Calum - ARS","FA","@WBA Sat 3:00PM","0","0"
"239","D","Chester, James - WBA","WW","ARS Sat 3:00PM","0","0"
"240","D","Ben Chilwell - LEIC","WW","@NEW Sat 3:00PM","0","0"
"241","M","Chirivella, Pedro - LIV","WW","@MCI Sat 5:30PM","0","0"
"242","D","Clark, Ciaran - AVL","FA","@EVE Sat 3:00PM","0","0"
"243","M","Clasie, Jordy - SOU","WW","STK Sat 3:00PM","0","0"
"244","D","Cleary, Daniel - LIV","WW","@MCI Sat 5:30PM","0","0"
"245","M","Cleverley, Tom - EVE","FA","AVL Sat 3:00PM","0","0"
"246","D","Clichy, Gaël - MCI","FA","LIV Sat 5:30PM","0","0"
"247","D","Clyne, Nathaniel - LIV","FA","@MCI Sat 5:30PM","0","0"
"248","D","Coates, Sebastián - SUN","FA","@CRY Mon 8:00PM","0","0"
"249","M","Colback, Jack - NEW","FA","LEIC Sat 3:00PM","0","0"
"250","D","Coleman, Seamus - EVE","FA","AVL Sat 3:00PM","0","0"
"251","D","Collins, James - WHU","FA","@TOT Sun 4:00PM","0","0"
"252","D","Coloccini, Fabricio - NEW","FA","LEIC Sat 3:00PM","0","0"
"253","M","Coquelin, Francis - ARS","FA","@WBA Sat 3:00PM","0","0"
"254","M","Cork, Jack - SWA","FA","BOUR Sat 3:00PM","0","0"
"255","D","Costa, Filippo - BOUR","WW","@SWA Sat 3:00PM","0","0"
"256","D","Crespo, José Ángel - AVL","WW","@EVE Sat 3:00PM","0","0"
"257","D","Cresswell, Aaron - WHU","FA","@TOT Sun 4:00PM","0","0"
"258","D","Croll, Luke - CRY","WW","SUN Mon 8:00PM","0","0"
"259","F","Crouch, Peter - STK","FA","@SOU Sat 3:00PM","0","0"
"260","M","Cullen, Josh - WHU","WW","@TOT Sun 4:00PM","0","0"
"261","D","Daniels, Charlie - BOUR","FA","@SWA Sat 3:00PM","0","0"
"262","G","Darlow, Karl - NEW","FA","LEIC Sat 3:00PM","0","0"
"263","D","Darmian, Matteo - MUN","WW","@WAT Sat 12:45PM","0","0"
"264","D","Davies, Ben - TOT","FA","WHU Sun 4:00PM","0","0"
"265","D","Debuchy, Mathieu - ARS","FA","@WBA Sat 3:00PM","0","0"
"266","M","Delph, Fabian - MCI","FA","LIV Sat 5:30PM","0","0"
"267","D","Demichelis, Martín - MCI","FA","LIV Sat 5:30PM","0","0"
"268","F","Diamanti, Alessandro - WAT","WW","MUN Sat 12:45PM","0","0"
"269","D","Distin, Sylvain - BOUR","FA","@SWA Sat 3:00PM","0","0"
"270","D","Djilobodji, Papy - CHE","WW","NOR Sat 3:00PM","0","0"
"271","F","Joe Dodoo - LEIC","WW","@NEW Sat 3:00PM","0","0"
"272","D","Donnellan, Shaun - WBA","WW","ARS Sat 3:00PM","0","0"
"273","M","Dorrans, Graham - NOR","FA","@CHE Sat 3:00PM","0","0"
"274","M","Drinkwater, Daniel - LEIC","FA","@NEW Sat 3:00PM","0","0"
"275","D","Dummett, Paul - NEW","FA","LEIC Sat 3:00PM","0","0"
"276","M","Dyer, Lloyd - WAT","FA","MUN Sat 12:45PM","0","0"
"277","F","Edwards, Kyle - WBA","WW","ARS Sat 3:00PM","0","0"
"278","D","Ekstrand, Joel - WAT","FA","MUN Sat 12:45PM","0","0"
"279","M","Moha - STK","WW","@SOU Sat 3:00PM","0","0"
"280","D","Elphick, Tommy - BOUR","FA","@SWA Sat 3:00PM","0","0"
"281","F","Emnes, Marvin - SWA","FA","BOUR Sat 3:00PM","0","0"
"282","D","José Enrique - LIV","FA","@MCI Sat 5:30PM","0","0"
"283","D","Evans, Jonny - WBA","FA","ARS Sat 3:00PM","0","0"
"284","D","Fazio, Federico - TOT","FA","WHU Sun 4:00PM","0","0"
"285","M","Fellaini, Marouane - MUN","FA","@WAT Sat 12:45PM","0","0"
"286","D","Federico Fernández - SWA","FA","BOUR Sat 3:00PM","0","0"
"287","M","Flamini, Mathieu - ARS","FA","@WBA Sat 3:00PM","0","0"
"288","D","Flanagan, Jon - LIV","FA","@MCI Sat 5:30PM","0","0"
"289","M","Fletcher, Darren - WBA","FA","ARS Sat 3:00PM","0","0"
"290","G","Forster, Fraser - SOU","FA","STK Sat 3:00PM","0","0"
"291","G","Foster, Ben - WBA","FA","ARS Sat 3:00PM","0","0"
"292","D","Francis, Simon - BOUR","FA","@SWA Sat 3:00PM","0","0"
"293","D","Fryers, Ezekiel - CRY","WW","SUN Mon 8:00PM","0","0"
"294","D","Fuchs, Christian - LEIC","FA","@NEW Sat 3:00PM","0","0"
"295","G","Fulton, Ryan - LIV","WW","@MCI Sat 5:30PM","0","0"
"296","D","Funes Mori, Ramiro - EVE","WW","AVL Sat 3:00PM","0","0"
"297","M","Fàbregas, Cesc - CHE","FA","NOR Sat 3:00PM","0","0"
"298","D","Galloway, Brendan - EVE","FA","AVL Sat 3:00PM","0","0"
"299","D","Gamboa, Cristian - WBA","FA","ARS Sat 3:00PM","0","0"
"300","M","Manu García - MCI","WW","LIV Sat 5:30PM","0","0"
"301","M","Gardner, Craig - WBA","FA","ARS Sat 3:00PM","0","0"
"302","M","Gardner, Gary - AVL","FA","@EVE Sat 3:00PM","0","0"
"303","D","Gardos, Florin - SOU","FA","STK Sat 3:00PM","0","0"
"304","F","Gayle, Dwight - CRY","FA","SUN Mon 8:00PM","0","0"
"305","G","Gazzaniga, Paulo - SOU","FA","STK Sat 3:00PM","0","0"
"306","M","Gibson, Darron - EVE","FA","AVL Sat 3:00PM","0","0"
"307","G","Gilmartin, Rene - WAT","FA","MUN Sat 12:45PM","0","0"
"308","G","Given, Shay - STK","FA","@SOU Sat 3:00PM","0","0"
"309","M","Glendon, George - MCI","WW","LIV Sat 5:30PM","0","0"
"310","M","Gnabry, Serge - WBA","FA","ARS Sat 3:00PM","0","0"
"311","M","Jordi Gómez - SUN","FA","@CRY Mon 8:00PM","0","0"
"312","D","Gomez, Joseph - LIV","FA","@MCI Sat 5:30PM","0","0"
"313","F","Gooch, Lynden - SUN","WW","@CRY Mon 8:00PM","0","0"
"314","M","Gouffran, Yoan - NEW","FA","LEIC Sat 3:00PM","0","0"
"315","F","Grabban, Lewis - NOR","FA","@CHE Sat 3:00PM","0","0"
"316","F","Gradel, Max - BOUR","WW","@SWA Sat 3:00PM","0","0"
"317","F","Danny Graham - SUN","FA","@CRY Mon 8:00PM","0","0"
"318","M","Grimes, Matt - SWA","FA","BOUR Sat 3:00PM","0","0"
"319","M","Gueye, Idrissa - AVL","FA","@EVE Sat 3:00PM","0","0"
"320","M","Guédioura, Adlène - WAT","WW","MUN Sat 12:45PM","0","0"
"321","D","Haidara, Massadio - NEW","FA","LEIC Sat 3:00PM","0","0"
"322","D","Hangeland, Brede - CRY","FA","SUN Mon 8:00PM","0","0"
"323","G","Haugaard, Jakob - STK","FA","@SOU Sat 3:00PM","0","0"
"324","M","Hazard, Eden - CHE","FA","NOR Sat 3:00PM","0","0"
"325","M","Henderson, Jordan - LIV","FA","@MCI Sat 5:30PM","0","0"
"326","D","Hibbert, Tony - EVE","FA","AVL Sat 3:00PM","0","0"
"327","D","Hoban, Tommy - WAT","FA","MUN Sat 12:45PM","0","0"
"328","D","Holebas, José - WAT","WW","MUN Sat 12:45PM","0","0"
"329","D","Holgate, Mason - EVE","WW","AVL Sat 3:00PM","0","0"
"330","D","Huth, Robert - LEIC","FA","@NEW Sat 3:00PM","0","0"
"331","D","Hutton, Alan - AVL","FA","@EVE Sat 3:00PM","0","0"
"332","F","Ibarbo, Víctor - WAT","WW","MUN Sat 12:45PM","0","0"
"333","M","Ibe, Jordon - LIV","FA","@MCI Sat 5:30PM","0","0"
"334","D","Ilori, Tiago - AVL","WW","@EVE Sat 3:00PM","0","0"
"335","M","Inler, Gökhan - LEIC","WW","@NEW Sat 3:00PM","0","0"
"336","M","Ireland, Stephen - STK","FA","@SOU Sat 3:00PM","0","0"
"337","D","Ivanovic, Branislav - CHE","FA","NOR Sat 3:00PM","0","0"
"338","M","Iwobi, Alex - ARS","WW","@WBA Sat 3:00PM","0","0"
"339","D","Jagielka, Phil - EVE","FA","AVL Sat 3:00PM","0","0"
"340","M","James, Matthew - LEIC","FA","@NEW Sat 3:00PM","0","0"
"341","M","Jedinak, Mile - CRY","FA","SUN Mon 8:00PM","0","0"
"342","F","Jelavic, Nikica - WHU","WW","@TOT Sun 4:00PM","0","0"
"343","F","Juanmi - SOU","FA","STK Sat 3:00PM","0","0"
"344","D","Johnson, Glen - STK","WW","@SOU Sat 3:00PM","0","0"
"345","G","Johnstone, Sam - MUN","WW","@WAT Sat 12:45PM","0","0"
"346","D","Jones, Phil - MUN","FA","@WAT Sat 12:45PM","0","0"
"347","M","Jurado - WAT","WW","MUN Sat 12:45PM","0","0"
"348","D","Kaboul, Younes - SUN","FA","@CRY Mon 8:00PM","0","0"
"349","M","Kamara, Glen - ARS","WW","@WBA Sat 3:00PM","0","0"
"350","G","Kean, Jake - NOR","WW","@CHE Sat 3:00PM","0","0"
"351","D","Kelly, Martin - CRY","FA","SUN Mon 8:00PM","0","0"
"352","F","Kermorgant, Yann - BOUR","FA","@SWA Sat 3:00PM","0","0"
"353","M","Ki Sung-yueng - SWA","FA","BOUR Sat 3:00PM","0","0"
"354","M","King, Andy - LEIC","FA","@NEW Sat 3:00PM","0","0"
"355","F","King, Joshua - BOUR","FA","@SWA Sat 3:00PM","0","0"
"356","D","Knoyle, Kyle - WHU","WW","@TOT Sun 4:00PM","0","0"
"357","F","Kozák, Libor - AVL","FA","@EVE Sat 3:00PM","0","0"
"358","F","Kramaric, Andrej - LEIC","FA","@NEW Sat 3:00PM","0","0"
"359","F","Lafferty, Kyle - NOR","FA","@CHE Sat 3:00PM","0","0"
"360","M","Lallana, Adam - LIV","FA","@MCI Sat 5:30PM","0","0"
"361","M","Larsson, Sebastian - SUN","FA","@CRY Mon 8:00PM","0","0"
"362","D","Lascelles, Jamaal - NEW","FA","LEIC Sat 3:00PM","0","0"
"363","M","Ledley, Joe - CRY","FA","SUN Mon 8:00PM","0","0"
"364","M","Lee Chung-yong - CRY","FA","SUN Mon 8:00PM","0","0"
"365","F","Lee, Elliot - WHU","WW","@TOT Sun 4:00PM","0","0"
"366","M","Leiva, Lucas - LIV","FA","@MCI Sat 5:30PM","0","0"
"367","M","Leko, Jonathan - WBA","WW","ARS Sat 3:00PM","0","0"
"368","M","Lennon, Aaron - EVE","WW","AVL Sat 3:00PM","0","0"
"369","D","Lescott, Joleon - AVL","FA","@EVE Sat 3:00PM","0","0"
"370","G","Lindegaard, Anders - WBA","FA","ARS Sat 3:00PM","0","0"
"371","M","Loftus-Cheek, Ruben - CHE","FA","NOR Sat 3:00PM","0","0"
"372","D","Lovren, Dejan - LIV","FA","@MCI Sat 5:30PM","0","0"
"373","M","MacDonald, Shaun - BOUR","FA","@SWA Sat 3:00PM","0","0"
"374","F","Eder - SWA","FA","BOUR Sat 3:00PM","0","0"
"375","G","Macey, Matt - ARS","WW","@WBA Sat 3:00PM","0","0"
"376","G","Jonny Maddison - LEIC","WW","@NEW Sat 3:00PM","0","0"
"377","D","Maffeo, Pablo - MCI","WW","LIV Sat 5:30PM","0","0"
"378","D","Mangala, Eliaquim - MCI","FA","LIV Sat 5:30PM","0","0"
"379","G","Mannone, Vito - SUN","FA","@CRY Mon 8:00PM","0","0"
"380","D","Mariappa, Adrian - CRY","FA","SUN Mon 8:00PM","0","0"
"381","D","Cuco Martina - SOU","FA","STK Sat 3:00PM","0","0"
"382","M","Marveaux, Sylvain - NEW","FA","LEIC Sat 3:00PM","0","0"
"383","F","Joselu - STK","FA","@SOU Sat 3:00PM","0","0"
"384","D","Matthews, Adam - SUN","FA","@CRY Mon 8:00PM","0","0"
"385","D","Mbabu, Kevin - NEW","WW","LEIC Sat 3:00PM","0","0"
"386","D","Mbemba, Chancel - NEW","WW","LEIC Sat 3:00PM","0","0"
"387","F","McAleny, Conor - EVE","WW","AVL Sat 3:00PM","0","0"
"388","M","McArthur, James - CRY","FA","SUN Mon 8:00PM","0","0"
"389","D","McAuley, Gareth - WBA","FA","ARS Sat 3:00PM","0","0"
"390","M","McCarthy, James - EVE","FA","AVL Sat 3:00PM","0","0"
"391","D","Paddy McCarthy - CRY","WW","SUN Mon 8:00PM","0","0"
"392","M","McClean, James - WBA","FA","ARS Sat 3:00PM","0","0"
"393","M","McGeady, Aiden - EVE","FA","AVL Sat 3:00PM","0","0"
"394","G","McGee, Luke - TOT","WW","WHU Sun 4:00PM","0","0"
"395","M","McManaman, Callum - WBA","FA","ARS Sat 3:00PM","0","0"
"396","D","McNair, Patrick - MUN","FA","@WAT Sat 12:45PM","0","0"
"397","M","McQueen, Sam - SOU","FA","STK Sat 3:00PM","0","0"
"398","D","Mertesacker, Per - ARS","FA","@WBA Sat 3:00PM","0","0"
"399","M","Mikel, John Obi - CHE","FA","NOR Sat 3:00PM","0","0"
"400","D","Mings, Tyrone - BOUR","FA","@SWA Sat 3:00PM","0","0"
"401","M","Mirallas, Kevin - EVE","FA","AVL Sat 3:00PM","0","0"
"402","D","Monreal, Nacho - ARS","FA","@WBA Sat 3:00PM","0","0"
"403","M","Montero, Jefferson - SWA","FA","BOUR Sat 3:00PM","0","0"
"404","D","Moreno, Alberto - LIV","FA","@MCI Sat 5:30PM","0","0"
"405","D","Morgan, Wes - LEIC","FA","@NEW Sat 3:00PM","0","0"
"406","M","Mulumbu, Youssouf - NOR","FA","@CHE Sat 3:00PM","0","0"
"407","D","Muniesa, Marc - STK","FA","@SOU Sat 3:00PM","0","0"
"408","M","Mutch, Jordon - CRY","FA","SUN Mon 8:00PM","0","0"
"409","F","N'Jie, Clinton - TOT","WW","WHU Sun 4:00PM","0","0"
"410","M","N'Zogbia, Charles - AVL","FA","@EVE Sat 3:00PM","0","0"
"411","D","Naughton, Kyle - SWA","FA","BOUR Sat 3:00PM","0","0"
"412","M","Navas, Jesús - MCI","FA","LIV Sat 5:30PM","0","0"
"413","G","Nordfeldt, Kristoffer - SWA","FA","BOUR Sat 3:00PM","0","0"
"414","F","Kenedy - CHE","WW","NOR Sat 3:00PM","0","0"
"415","D","Nyom - WAT","WW","MUN Sat 12:45PM","0","0"
"416","D","O'Brien, Joey - WHU","FA","@TOT Sun 4:00PM","0","0"
"417","M","O'Kane, Eunan - BOUR","FA","@SWA Sat 3:00PM","0","0"
"418","M","O'Neil, Gary - NOR","FA","@CHE Sat 3:00PM","0","0"
"419","D","O'Shea, John - SUN","FA","@CRY Mon 8:00PM","0","0"
"420","M","Obertan, Gabriel - NEW","FA","LEIC Sat 3:00PM","0","0"
"421","M","Obiang, Pedro - WHU","FA","@TOT Sun 4:00PM","0","0"
"422","F","Odemwingie, Peter - STK","FA","@SOU Sat 3:00PM","0","0"
"423","M","Odjidja-Ofoe, Vadis - NOR","WW","@CHE Sat 3:00PM","0","0"
"424","D","Ogbonna, Angelo - WHU","FA","@TOT Sun 4:00PM","0","0"
"425","D","Okore, Jores - AVL","FA","@EVE Sat 3:00PM","0","0"
"426","D","Olsson, Jonas - WBA","FA","ARS Sat 3:00PM","0","0"
"427","D","Olsson, Martin - NOR","FA","@CHE Sat 3:00PM","0","0"
"428","M","Olukanmi, Andre - LEIC","WW","@NEW Sat 3:00PM","0","0"
"429","M","Josh Onomah - TOT","WW","WHU Sun 4:00PM","0","0"
"430","F","Origi, Divock - LIV","FA","@MCI Sat 5:30PM","0","0"
"431","M","Osman, Leon - EVE","FA","AVL Sat 3:00PM","0","0"
"432","G","Ospina, David - ARS","FA","@WBA Sat 3:00PM","0","0"
"433","F","Oularé, Mamadou Obbi - WAT","WW","MUN Sat 12:45PM","0","0"
"434","D","Oviedo, Bryan - EVE","FA","AVL Sat 3:00PM","0","0"
"435","D","Oxford, Reece - WHU","FA","@TOT Sun 4:00PM","0","0"
"436","M","Oxlade-Chamberlain, Alex - ARS","FA","@WBA Sat 3:00PM","0","0"
"437","F","Harry Panayiotou - LEIC","WW","@NEW Sat 3:00PM","0","0"
"438","D","Paredes, Juan Carlos - WAT","FA","MUN Sat 12:45PM","0","0"
"439","D","Pennington, Matthew - EVE","WW","AVL Sat 3:00PM","0","0"
"440","M","Pereira, Andreas - MUN","WW","@WAT Sat 12:45PM","0","0"
"441","M","Pienaar, Steven - EVE","FA","AVL Sat 3:00PM","0","0"
"442","D","Pieters, Erik - STK","FA","@SOU Sat 3:00PM","0","0"
"443","D","Pocognoli, Sébastien - WBA","FA","ARS Sat 3:00PM","0","0"
"444","M","Pritchard, Alex - TOT","WW","WHU Sun 4:00PM","0","0"
"445","D","Prödl, Sebastian - WAT","FA","MUN Sat 12:45PM","0","0"
"446","M","Puncheon, Jason - CRY","FA","SUN Mon 8:00PM","0","0"
"447","M","Ramírez, Gastón - SOU","FA","STK Sat 3:00PM","0","0"
"448","D","Randall, Connor - LIV","WW","@MCI Sat 5:30PM","0","0"
"449","D","Rangel, Angel - SWA","FA","BOUR Sat 3:00PM","0","0"
"450","F","Rantie, Tokelo - BOUR","FA","@SWA Sat 3:00PM","0","0"
"451","M","Reed, Harrison - SOU","FA","STK Sat 3:00PM","0","0"
"452","M","Fernando - MCI","FA","LIV Sat 5:30PM","0","0"
"453","D","Reid, Winston - WHU","FA","@TOT Sun 4:00PM","0","0"
"454","F","Reine Adelaide, Jeff - ARS","WW","@WBA Sat 3:00PM","0","0"
"455","F","Remy, Loïc - CHE","FA","NOR Sat 3:00PM","0","0"
"456","D","Richards, Micah - AVL","FA","@EVE Sat 3:00PM","0","0"
"457","D","Richardson, Kieran - AVL","FA","@EVE Sat 3:00PM","0","0"
"458","F","Emmanuel Rivière - NEW","FA","LEIC Sat 3:00PM","0","0"
"459","M","Roberts, Patrick - MCI","WW","LIV Sat 5:30PM","0","0"
"460","G","Robles, Joel - EVE","FA","AVL Sat 3:00PM","0","0"
"461","D","Robson, Josh - SUN","WW","@CRY Mon 8:00PM","0","0"
"462","F","Rodriguez, Jay - SOU","FA","STK Sat 3:00PM","0","0"
"463","F","Rodríguez, Leandro - EVE","WW","AVL Sat 3:00PM","0","0"
"464","M","Rodwell, Jack - SUN","FA","@CRY Mon 8:00PM","0","0"
"465","D","Rojo, Marcos - MUN","FA","@WAT Sat 12:45PM","0","0"
"466","M","Oriol Romeu - SOU","WW","STK Sat 3:00PM","0","0"
"467","D","Rose, Danny - TOT","FA","WHU Sun 4:00PM","0","0"
"468","G","Rose, Jack - WBA","FA","ARS Sat 3:00PM","0","0"
"469","M","Rosicky, Tomas - ARS","FA","@WBA Sat 3:00PM","0","0"
"470","M","Rossiter, Jordan - LIV","WW","@MCI Sat 5:30PM","0","0"
"471","M","Routledge, Wayne - SWA","FA","BOUR Sat 3:00PM","0","0"
"472","G","Rudd, Declan - NOR","FA","@CHE Sat 3:00PM","0","0"
"473","D","Sagna, Bacary - MCI","FA","LIV Sat 5:30PM","0","0"
"474","D","Sakho, Mamadou - LIV","FA","@MCI Sat 5:30PM","0","0"
"475","M","Samuelsen, Martin - WHU","WW","@TOT Sun 4:00PM","0","0"
"476","G","Schwarzer, Mark - LEIC","FA","@NEW Sat 3:00PM","0","0"
"477","M","Schweinsteiger, Bastian - MUN","WW","@WAT Sat 12:45PM","0","0"
"478","F","Seager, Ryan - SOU","WW","STK Sat 3:00PM","0","0"
"479","F","Sellars, Jerell - AVL","WW","@EVE Sat 3:00PM","0","0"
"480","D","Senderos, Philippe - AVL","FA","@EVE Sat 3:00PM","0","0"
"481","M","Sessegnon, Stéphane - WBA","FA","ARS Sat 3:00PM","0","0"
"482","M","Shaqiri, Xherdan - STK","WW","@SOU Sat 3:00PM","0","0"
"483","D","Shaw, Luke - MUN","FA","@WAT Sat 12:45PM","0","0"
"484","D","Shawcross, Ryan - STK","FA","@SOU Sat 3:00PM","0","0"
"485","M","Sheaf, Ben - ARS","WW","@WBA Sat 3:00PM","0","0"
"486","M","Shelvey, Jonjo - SWA","FA","BOUR Sat 3:00PM","0","0"
"487","M","Shenton, Oliver - STK","FA","@SOU Sat 3:00PM","0","0"
"488","M","Sidwell, Steve - STK","FA","@SOU Sat 3:00PM","0","0"
"489","D","Simpson, Danny - LEIC","FA","@NEW Sat 3:00PM","0","0"
"490","F","Sinclair, Jerome - LIV","WW","@MCI Sat 5:30PM","0","0"
"491","M","Sissoko, Moussa - NEW","FA","LEIC Sat 3:00PM","0","0"
"492","D","Skrtel, Martin - LIV","FA","@MCI Sat 5:30PM","0","0"
"493","D","Smalling, Chris - MUN","FA","@WAT Sat 12:45PM","0","0"
"494","D","Smith, Adam - BOUR","FA","@SWA Sat 3:00PM","0","0"
"495","M","Smith, Connor - WAT","WW","MUN Sat 12:45PM","0","0"
"496","M","Song, Alexandre - WHU","WW","@TOT Sun 4:00PM","0","0"
"497","D","Souaré, Pape - CRY","FA","SUN Mon 8:00PM","0","0"
"498","G","Speroni, Julian - CRY","FA","SUN Mon 8:00PM","0","0"
"499","G","Spiegel, Raphael - WHU","FA","@TOT Sun 4:00PM","0","0"
"500","G","Stanek, Jindrich - EVE","WW","AVL Sat 3:00PM","0","0"
"501","M","Stanislas, Junior - BOUR","FA","@SWA Sat 3:00PM","0","0"
"502","G","Steer, Jed - AVL","WW","@EVE Sat 3:00PM","0","0"
"503","D","Stones, John - EVE","FA","AVL Sat 3:00PM","0","0"
"504","G","Max Stryjek - SUN","WW","@CRY Mon 8:00PM","0","0"
"505","D","Suliman, Easah - AVL","WW","@EVE Sat 3:00PM","0","0"
"506","M","Surman, Andrew - BOUR","FA","@SWA Sat 3:00PM","0","0"
"507","M,F","Surridge, Sam - BOUR","WW","@SWA Sat 3:00PM","0","0"
"508","M","Sánchez, Carlos - AVL","FA","@EVE Sat 3:00PM","0","0"
"509","D","Tabanou, Franck - SWA","FA","BOUR Sat 3:00PM","0","0"
"510","D","Targett, Matt - SOU","FA","STK Sat 3:00PM","0","0"
"511","M,F","Taylor, Corey - AVL","WW","@EVE Sat 3:00PM","0","0"
"512","D","Taylor, Neil - SWA","FA","BOUR Sat 3:00PM","0","0"
"513","D","Taylor, Steven - NEW","FA","LEIC Sat 3:00PM","0","0"
"514","D","Dionatan Teixeira - STK","WW","@SOU Sat 3:00PM","0","0"
"515","D","Terry, John - CHE","FA","NOR Sat 3:00PM","0","0"
"516","M","Tettey, Alexander - NOR","FA","@CHE Sat 3:00PM","0","0"
"517","M","Thauvin, Florian - NEW","WW","LEIC Sat 3:00PM","0","0"
"518","M","Tioté, Cheick - NEW","FA","LEIC Sat 3:00PM","0","0"
"519","F","Toivonen, Ola - SUN","WW","@CRY Mon 8:00PM","0","0"
"520","D","Tomkins, James - WHU","FA","@TOT Sun 4:00PM","0","0"
"521","F","Tomlin, Lee - BOUR","WW","@SWA Sat 3:00PM","0","0"
"522","D","Touré, Kolo - LIV","FA","@MCI Sat 5:30PM","0","0"
"523","M","Townsend, Andros - TOT","FA","WHU Sun 4:00PM","0","0"
"524","M","Traore, Bertrand - CHE","FA","NOR Sat 3:00PM","0","0"
"525","F","Traoré, Adama - AVL","WW","@EVE Sat 3:00PM","0","0"
"526","G","Tremmel, Gerhard - SWA","WW","BOUR Sat 3:00PM","0","0"
"527","D","Trippier, Kieran - TOT","FA","WHU Sun 4:00PM","0","0"
"528","D","Tuanzebe, Axel - MUN","WW","@WAT Sat 12:45PM","0","0"
"529","F","Ulloa, Leonardo - LEIC","FA","@NEW Sat 3:00PM","0","0"
"530","F","Valencia, Enner - WHU","FA","@TOT Sun 4:00PM","0","0"
"531","D","Antonio Valencia - MUN","FA","@WAT Sat 12:45PM","0","0"
"532","M","Van Ginkel, Marco - STK","FA","@SOU Sat 3:00PM","0","0"
"533","M","Veretout, Jordan - AVL","WW","@EVE Sat 3:00PM","0","0"
"534","D","Vertonghen, Jan - TOT","FA","WHU Sun 4:00PM","0","0"
"535","M","João Teixeira - LIV","WW","@MCI Sat 5:30PM","0","0"
"536","D","Walker, Kyle - TOT","FA","WHU Sun 4:00PM","0","0"
"537","M","Wanyama, Victor - SOU","FA","STK Sat 3:00PM","0","0"
"538","D","Ward, Elliott - BOUR","WW","@SWA Sat 3:00PM","0","0"
"539","M","Ward-Prowse, James - SOU","FA","STK Sat 3:00PM","0","0"
"540","D","Wasilewski, Marcin - LEIC","FA","@NEW Sat 3:00PM","0","0"
"541","G","Watkins, Bradley - AVL","WW","@EVE Sat 3:00PM","0","0"
"542","M","Watson, Ben - WAT","FA","MUN Sat 12:45PM","0","0"
"543","F","Welbeck, Danny - ARS","FA","@WBA Sat 3:00PM","0","0"
"544","M","Westwood, Ashley - AVL","FA","@EVE Sat 3:00PM","0","0"
"545","M","Whelan, Glenn - STK","FA","@SOU Sat 3:00PM","0","0"
"546","F","Wickham, Connor - CRY","FA","SUN Mon 8:00PM","0","0"
"547","D","Williams, Ashley - SWA","FA","BOUR Sat 3:00PM","0","0"
"548","M","Wilshere, Jack - ARS","FA","@WBA Sat 3:00PM","0","0"
"549","F","Wilson, James - MUN","FA","@WAT Sat 12:45PM","0","0"
"550","D","Wilson, Marc - STK","FA","@SOU Sat 3:00PM","0","0"
"551","D","Wimmer, Kevin - TOT","FA","WHU Sun 4:00PM","0","0"
"552","M","Winks, Harry - TOT","WW","WHU Sun 4:00PM","0","0"
"553","D","Wisdom, Andre - NOR","FA","@CHE Sat 3:00PM","0","0"
"554","D","Wollscheid, Philipp - STK","FA","@SOU Sat 3:00PM","0","0"
"555","G","Woodman, Freddie - NEW","WW","LEIC Sat 3:00PM","0","0"
"556","G","Wright, Richard - MCI","FA","LIV Sat 5:30PM","0","0"
"557","M","Yacob, Claudio - WBA","FA","ARS Sat 3:00PM","0","0"
"558","D","Yedlin, DeAndre - SUN","FA","@CRY Mon 8:00PM","0","0"
"559","D","Yoshida, Maya - SOU","FA","STK Sat 3:00PM","0","0"
"560","M","Young, Ashley - MUN","FA","@WAT Sat 12:45PM","0","0"
"561","D","Zabaleta, Pablo - MCI","FA","LIV Sat 5:30PM","0","0"
"562","D","Zubar, Stéphane - BOUR","WW","@SWA Sat 3:00PM","0","0"
"563","D","Gabriel Paulista - ARS","FA","@WBA Sat 3:00PM","0","0"
"564","M","de Jong, Siem - NEW","FA","LEIC Sat 3:00PM","0","0"
"565","D","van Aanholt, Patrick - SUN","FA","@CRY Mon 8:00PM","0","0"