"Rk","Pos","Player","Sta","Opp (GMT)","FPts","FP/G","GP","GS","Min","W","L","T","CS","ShA","ShA","GA","GAIB","GAOB","Sv","Sv%","SvIB","SvOB","YC","SYC","RC","RCR","FC","FC/G","FS","FS/G","Pen","DP","PKGA","PKS","PKF","PKD","SubOn","SubOff","G","A","ASh","ABS","AFKG","AHW","AOG","APL","APKG","ASOP","Pa","APa","SFTP","Int","IntB","ClA","ClS","OO","DW","DL","AW","AL","HCA","HCS","Sm","Pu","GON"
"1","G","Boruc, Artur - BOUR","FA","MUN Sat 5:30PM","196","196","1","1","90","1","0","0","1","19","7","0","0","0","7","100.0","5","1","0","0","0","0","0","0.0","0","0.0","0","0","0","0","0","0","0","0","0","0","0","0","0","0","0","0","0","0","38","15","2","0","0","1","1","0","0","0","0","0","2","2","0","1","0"
"2","G","Fabianski, Lukasz - SWA","FA","@MCI Sat 3:00PM","195.4","195.4","1","1","90","0","1","0","0","16","5","3","3","0","2","40.0","1","1","0","0","0","0","0","0.0","1","1.0","0","0","0","0","0","0","0","0","0","0","0","0","0","0","0","0","0","0","31","26","0","0","0","2","2","0","1","1","1","0","1","1","1","2","0"
"3","G","Guzan, Brad - AVL","FA","ARS Sun 1:30PM","190.75","190.75","1","1","90","0","0","1","0","23","4","1","1","0","3","75.0","1","2","1","0","0","0","0","0.0","0","0.0","0","0","0","0","0","0","0","0","0","0","1","0","0","0","0","0","0","0","33","12","2","0","0","1","1","0","0","0","0","0","5","5","0","1","0"
"4","G","Rudd, Declan - NOR","FA","EVE Sat 12:45PM","183.71","183.71","1","1","90","0","1","0","0","14","7","2","2","0","5","71.4","5","0","0","0","0","0","0","0.0","0","0.0","0","0","1","0","1","0","0","0","0","0","0","0","0","0","0","0","0","0","32","11","4","1","1","0","0","0","0","0","0","0","2","2","0","0","0"
"5","G","Lloris, Hugo - TOT","FA","NEW Sun 4:00PM","180.75","180.75","1","1","90","0","0","1","0","11","4","1","1","0","3","75.0","2","1","0","0","0","0","0","0.0","1","1.0","0","0","0","0","0","0","0","0","0","0","0","0","0","0","0","0","0","0","34","22","1","0","0","0","0","0","2","0","1","0","1","1","0","0","0"
"6","G","Elliot, Robert - NEW","FA","@TOT Sun 4:00PM","171","171","1","1","90","1","0","0","1","10","1","0","0","0","1","100.0","1","0","0","0","0","0","0","0.0","0","0.0","0","0","0","0","0","0","0","0","0","0","0","0","0","0","0","0","0","0","40","16","5","0","0","0","0","0","0","0","0","0","1","1","0","0","0"
"7","G","Adri√°n - WHU","FA","STK Sat 3:00PM","169","169","1","1","90","0","0","1","1","21","1","0","0","0","1","100.0","1","0","0","0","0","0","0","0.0","0","0.0","0","0","0","0","0","0","0","0","0","0","0","0","0","0","0","0","0","0","32","14","2","0","0","0","0","0","0","0","0","0","1","1","0","0","0"
"8","G","Hennessey, Wayne - CRY","FA","SOU Sat 3:00PM","168.75","168.75","1","1","90","0","0","1","0","19","4","1","1","0","3","75.0","1","2","0","0","0","0","0","0.0","0","0.0","0","0","0","0","0","0","0","0","0","0","0","0","0","0","0","0","0","0","26","11","6","0","0","1","0","0","0","0","0","0","0","0","0","0","0"
"9","G","Cech, Petr - ARS","FA","@AVL Sun 1:30PM","166.83","166.83","1","1","90","1","0","0","0","12","6","1","1","0","5","83.3","3","1","0","0","0","0","0","0.0","0","0.0","0","0","0","0","0","0","0","0","0","0","0","0","0","0","0","0","0","0","23","12","2","0","0","1","1","0","0","0","0","0","2","2","0","1","0"
"10","G","Courtois, Thibaut - CHE","FA","@LEIC Mon 8:00PM","161.8","161.8","1","1","90","0","1","0","0","15","5","1","1","0","4","80.0","4","0","0","0","0","0","0","0.0","0","0.0","0","0","0","0","0","0","0","0","0","0","0","0","0","0","0","0","0","0","20","12","1","0","0","1","1","0","0","0","0","0","1","1","0","1","0"
"11","G","Pantilimon, Costel - SUN","FA","WAT Sat 3:00PM","160.5","160.5","1","1","90","0","1","0","0","16","6","3","3","0","3","50.0","2","1","0","0","0","0","0","0.0","0","0.0","0","0","0","0","0","0","0","0","0","0","0","0","0","0","0","0","0","0","22","10","1","0","0","0","0","0","0","0","0","0","0","0","0","0","0"
"12","G","Howard, Tim - EVE","FA","@NOR Sat 12:45PM","158.8","158.8","1","1","90","0","0","1","0","14","5","1","1","0","4","80.0","3","1","0","0","0","0","0","0.0","1","1.0","0","0","0","0","0","0","0","0","0","0","0","0","0","0","0","0","0","0","20","10","0","0","0","0","0","0","1","0","1","0","1","1","0","0","0"
"13","G","Butland, Jack - STK","FA","@WHU Sat 3:00PM","158","158","1","1","90","1","0","0","1","11","4","0","0","0","4","100.0","3","1","0","0","0","0","0","0.0","0","0.0","0","0","0","0","0","0","0","0","0","0","0","0","0","0","0","0","0","0","29","7","1","0","0","1","0","0","0","0","0","0","1","1","0","0","0"
"14","G","Schmeichel, Kasper - LEIC","FA","CHE Mon 8:00PM","155","155","1","1","90","1","0","0","1","10","2","0","0","0","2","100.0","2","0","0","0","0","0","0","0.0","0","0.0","0","0","0","0","0","0","0","0","0","0","0","0","0","0","0","0","0","0","27","10","2","0","0","1","1","0","0","0","0","0","0","0","2","1","0"
"15","G","de Gea, David - MUN","FA","@BOUR Sat 5:30PM","152","152","1","1","90","0","0","1","1","9","2","0","0","0","2","100.0","1","1","0","0","0","0","0","0.0","0","0.0","0","0","0","0","0","0","0","0","0","0","0","0","0","0","0","0","0","0","20","13","0","0","0","2","2","0","0","0","0","0","2","1","0","2","0"
"16","G","Gomes, Heurelho - WAT","FA","@SUN Sat 3:00PM","151","151","1","1","90","1","0","0","1","7","1","0","0","0","1","100.0","0","1","0","0","0","0","0","0.0","0","0.0","0","0","0","0","0","0","0","0","0","0","0","0","0","0","0","0","0","0","20","6","1","0","0","3","3","0","2","0","2","0","3","3","0","3","0"
"17","G","Myhill, Boaz - WBA","FA","@LIV Sun 4:00PM","143.67","143.67","1","1","90","0","0","1","0","9","3","1","1","0","2","66.7","1","1","0","0","0","0","0","0.0","0","0.0","0","0","0","0","0","0","0","0","0","0","0","0","0","0","0","0","0","0","23","8","1","0","0","0","0","0","0","0","0","0","0","0","0","0","0"
"18","G","Mignolet, Simon - LIV","FA","WBA Sun 4:00PM","142","142","1","1","90","0","1","0","0","7","2","2","2","0","0","0.0","0","0","0","0","0","0","0","0.0","0","0.0","0","0","0","0","0","0","0","0","0","0","0","0","0","0","0","0","0","0","23","13","0","0","0","0","0","0","0","0","0","0","0","0","0","0","0"
"19","G","Hart, Joe - MCI","FA","SWA Sat 3:00PM","137.5","137.5","1","1","90","0","1","0","0","7","4","2","2","0","2","50.0","1","1","0","0","0","0","0","0.0","0","0.0","0","0","0","0","0","0","0","0","0","0","0","0","0","0","0","0","0","0","16","7","1","0","0","0","0","0","1","0","0","0","0","0","0","0","0"
"20","G","Stekelenburg, Maarten - SOU","FA","@CRY Sat 3:00PM","131.5","131.5","1","1","90","0","0","1","0","9","2","1","1","0","1","50.0","0","1","0","0","0","0","0","0.0","0","0.0","0","0","0","0","0","0","0","0","0","0","0","0","0","0","0","0","0","0","10","9","0","0","0","0","0","0","0","0","0","0","2","2","0","0","0"
"21","G","Allsop, Ryan - BOUR","FA","MUN Sat 5:30PM","0","0","0","0","0","0","0","0","0","0","0","0","0","0","0","0","0","0","0","0","0","0","0","0","0","0","0","0","0","0","0","0","0","0","0","0","0","0","0","0","0","0","0","0","0","0","0","0","0","0","0","0","0","0","0","0","0","0","0","0","0"
"22","G","Amelia, Marco - CHE","WW","@LEIC Mon 8:00PM","0","0","0","0","0","0","0","0","0","0","0","0","0","0","0","0","0","0","0","0","0","0","0","0","0","0","0","0","0","0","0","0","0","0","0","0","0","0","0","0","0","0","0","0","0","0","0","0","0","0","0","0","0","0","0","0","0","0","0","0","0"
"23","G","Arlauskis, Giedrius - WAT","FA","@SUN Sat 3:00PM","0","0","0","0","0","0","0","0","0","0","0","0","0","0","0","0","0","0","0","0","0","0","0","0","0","0","0","0","0","0","0","0","0","0","0","0","0","0","0","0","0","0","0","0","0","0","0","0","0","0","0","0","0","0","0","0","0","0","0","0","0"
"24","G","Begovic, Asmir - CHE","FA","@LEIC Mon 8:00PM","0","0","0","0","0","0","0","0","0","0","0","0","0","0","0","0","0","0","0","0","0","0","0","0","0","0","0","0","0","0","0","0","0","0","0","0","0","0","0","0","0","0","0","0","0","0","0","0","0","0","0","0","0","0","0","0","0","0","0","0","0"
"25","G","Blackman, Jamal - CHE","FA","@LEIC Mon 8:00PM","0","0","0","0","0","0","0","0","0","0","0","0","0","0","0","0","0","0","0","0","0","0","0","0","0","0","0","0","0","0","0","0","0","0","0","0","0","0","0","0","0","0","0","0","0","0","0","0","0","0","0","0","0","0","0","0","0","0","0","0","0"
"26","G","Bogdan, Adam - LIV","FA","WBA Sun 4:00PM","0","0","0","0","0","0","0","0","0","0","0","0","0","0","0","0","0","0","0","0","0","0","0","0","0","0","0","0","0","0","0","0","0","0","0","0","0","0","0","0","0","0","0","0","0","0","0","0","0","0","0","0","0","0","0","0","0","0","0","0","0"
"27","G","Bunn, Mark - AVL","FA","ARS Sun 1:30PM","0","0","0","0","0","0","0","0","0","0","0","0","0","0","0","0","0","0","0","0","0","0","0","0","0","0","0","0","0","0","0","0","0","0","0","0","0","0","0","0","0","0","0","0","0","0","0","0","0","0","0","0","0","0","0","0","0","0","0","0","0"
"28","G","Caballero, Willy - MCI","FA","SWA Sat 3:00PM","0","0","0","0","0","0","0","0","0","0","0","0","0","0","0","0","0","0","0","0","0","0","0","0","0","0","0","0","0","0","0","0","0","0","0","0","0","0","0","0","0","0","0","0","0","0","0","0","0","0","0","0","0","0","0","0","0","0","0","0","0"
"29","G","Darlow, Karl - NEW","FA","@TOT Sun 4:00PM","0","0","0","0","0","0","0","0","0","0","0","0","0","0","0","0","0","0","0","0","0","0","0","0","0","0","0","0","0","0","0","0","0","0","0","0","0","0","0","0","0","0","0","0","0","0","0","0","0","0","0","0","0","0","0","0","0","0","0","0","0"
"30","G","Davis, Kelvin - SOU","FA","@CRY Sat 3:00PM","0","0","0","0","0","0","0","0","0","0","0","0","0","0","0","0","0","0","0","0","0","0","0","0","0","0","0","0","0","0","0","0","0","0","0","0","0","0","0","0","0","0","0","0","0","0","0","0","0","0","0","0","0","0","0","0","0","0","0","0","0"
"31","G","Federici, Adam - BOUR","FA","MUN Sat 5:30PM","0","0","0","0","0","0","0","0","0","0","0","0","0","0","0","0","0","0","0","0","0","0","0","0","0","0","0","0","0","0","0","0","0","0","0","0","0","0","0","0","0","0","0","0","0","0","0","0","0","0","0","0","0","0","0","0","0","0","0","0","0"
"32","G","Forster, Fraser - SOU","FA","@CRY Sat 3:00PM","0","0","0","0","0","0","0","0","0","0","0","0","0","0","0","0","0","0","0","0","0","0","0","0","0","0","0","0","0","0","0","0","0","0","0","0","0","0","0","0","0","0","0","0","0","0","0","0","0","0","0","0","0","0","0","0","0","0","0","0","0"
"33","G","Foster, Ben - WBA","FA","@LIV Sun 4:00PM","0","0","0","0","0","0","0","0","0","0","0","0","0","0","0","0","0","0","0","0","0","0","0","0","0","0","0","0","0","0","0","0","0","0","0","0","0","0","0","0","0","0","0","0","0","0","0","0","0","0","0","0","0","0","0","0","0","0","0","0","0"
"34","G","Fulton, Ryan - LIV","WW","WBA Sun 4:00PM","0","0","0","0","0","0","0","0","0","0","0","0","0","0","0","0","0","0","0","0","0","0","0","0","0","0","0","0","0","0","0","0","0","0","0","0","0","0","0","0","0","0","0","0","0","0","0","0","0","0","0","0","0","0","0","0","0","0","0","0","0"
"35","G","Gazzaniga, Paulo - SOU","FA","@CRY Sat 3:00PM","0","0","0","0","0","0","0","0","0","0","0","0","0","0","0","0","0","0","0","0","0","0","0","0","0","0","0","0","0","0","0","0","0","0","0","0","0","0","0","0","0","0","0","0","0","0","0","0","0","0","0","0","0","0","0","0","0","0","0","0","0"
"36","G","Gilmartin, Rene - WAT","FA","@SUN Sat 3:00PM","0","0","0","0","0","0","0","0","0","0","0","0","0","0","0","0","0","0","0","0","0","0","0","0","0","0","0","0","0","0","0","0","0","0","0","0","0","0","0","0","0","0","0","0","0","0","0","0","0","0","0","0","0","0","0","0","0","0","0","0","0"
"37","G","Given, Shay - STK","FA","@WHU Sat 3:00PM","0","0","0","0","0","0","0","0","0","0","0","0","0","0","0","0","0","0","0","0","0","0","0","0","0","0","0","0","0","0","0","0","0","0","0","0","0","0","0","0","0","0","0","0","0","0","0","0","0","0","0","0","0","0","0","0","0","0","0","0","0"
"38","G","Haugaard, Jakob - STK","FA","@WHU Sat 3:00PM","0","0","0","0","0","0","0","0","0","0","0","0","0","0","0","0","0","0","0","0","0","0","0","0","0","0","0","0","0","0","0","0","0","0","0","0","0","0","0","0","0","0","0","0","0","0","0","0","0","0","0","0","0","0","0","0","0","0","0","0","0"
"39","G","Johnstone, Sam - MUN","WW","@BOUR Sat 5:30PM","0","0","0","0","0","0","0","0","0","0","0","0","0","0","0","0","0","0","0","0","0","0","0","0","0","0","0","0","0","0","0","0","0","0","0","0","0","0","0","0","0","0","0","0","0","0","0","0","0","0","0","0","0","0","0","0","0","0","0","0","0"
"40","G","Kean, Jake - NOR","WW","EVE Sat 12:45PM","0","0","0","0","0","0","0","0","0","0","0","0","0","0","0","0","0","0","0","0","0","0","0","0","0","0","0","0","0","0","0","0","0","0","0","0","0","0","0","0","0","0","0","0","0","0","0","0","0","0","0","0","0","0","0","0","0","0","0","0","0"
"41","G","Krul, Tim - NEW","FA","@TOT Sun 4:00PM","0","0","0","0","0","0","0","0","0","0","0","0","0","0","0","0","0","0","0","0","0","0","0","0","0","0","0","0","0","0","0","0","0","0","0","0","0","0","0","0","0","0","0","0","0","0","0","0","0","0","0","0","0","0","0","0","0","0","0","0","0"
"42","G","Lindegaard, Anders - WBA","FA","@LIV Sun 4:00PM","0","0","0","0","0","0","0","0","0","0","0","0","0","0","0","0","0","0","0","0","0","0","0","0","0","0","0","0","0","0","0","0","0","0","0","0","0","0","0","0","0","0","0","0","0","0","0","0","0","0","0","0","0","0","0","0","0","0","0","0","0"
"43","G","Macey, Matt - ARS","WW","@AVL Sun 1:30PM","0","0","0","0","0","0","0","0","0","0","0","0","0","0","0","0","0","0","0","0","0","0","0","0","0","0","0","0","0","0","0","0","0","0","0","0","0","0","0","0","0","0","0","0","0","0","0","0","0","0","0","0","0","0","0","0","0","0","0","0","0"
"44","G","Jonny Maddison - LEIC","WW","CHE Mon 8:00PM","0","0","0","0","0","0","0","0","0","0","0","0","0","0","0","0","0","0","0","0","0","0","0","0","0","0","0","0","0","0","0","0","0","0","0","0","0","0","0","0","0","0","0","0","0","0","0","0","0","0","0","0","0","0","0","0","0","0","0","0","0"
"45","G","Mannone, Vito - SUN","FA","WAT Sat 3:00PM","0","0","0","0","0","0","0","0","0","0","0","0","0","0","0","0","0","0","0","0","0","0","0","0","0","0","0","0","0","0","0","0","0","0","0","0","0","0","0","0","0","0","0","0","0","0","0","0","0","0","0","0","0","0","0","0","0","0","0","0","0"
"46","G","McCarthy, Alex - CRY","WW","SOU Sat 3:00PM","0","0","0","0","0","0","0","0","0","0","0","0","0","0","0","0","0","0","0","0","0","0","0","0","0","0","0","0","0","0","0","0","0","0","0","0","0","0","0","0","0","0","0","0","0","0","0","0","0","0","0","0","0","0","0","0","0","0","0","0","0"
"47","G","McGee, Luke - TOT","WW","NEW Sun 4:00PM","0","0","0","0","0","0","0","0","0","0","0","0","0","0","0","0","0","0","0","0","0","0","0","0","0","0","0","0","0","0","0","0","0","0","0","0","0","0","0","0","0","0","0","0","0","0","0","0","0","0","0","0","0","0","0","0","0","0","0","0","0"
"48","G","Nordfeldt, Kristoffer - SWA","FA","@MCI Sat 3:00PM","0","0","0","0","0","0","0","0","0","0","0","0","0","0","0","0","0","0","0","0","0","0","0","0","0","0","0","0","0","0","0","0","0","0","0","0","0","0","0","0","0","0","0","0","0","0","0","0","0","0","0","0","0","0","0","0","0","0","0","0","0"
"49","G","Ospina, David - ARS","FA","@AVL Sun 1:30PM","0","0","0","0","0","0","0","0","0","0","0","0","0","0","0","0","0","0","0","0","0","0","0","0","0","0","0","0","0","0","0","0","0","0","0","0","0","0","0","0","0","0","0","0","0","0","0","0","0","0","0","0","0","0","0","0","0","0","0","0","0"
"50","G","Randolph, Darren - WHU","FA","STK Sat 3:00PM","0","0","0","0","0","0","0","0","0","0","0","0","0","0","0","0","0","0","0","0","0","0","0","0","0","0","0","0","0","0","0","0","0","0","0","0","0","0","0","0","0","0","0","0","0","0","0","0","0","0","0","0","0","0","0","0","0","0","0","0","0"
"51","G","Robles, Joel - EVE","FA","@NOR Sat 12:45PM","0","0","0","0","0","0","0","0","0","0","0","0","0","0","0","0","0","0","0","0","0","0","0","0","0","0","0","0","0","0","0","0","0","0","0","0","0","0","0","0","0","0","0","0","0","0","0","0","0","0","0","0","0","0","0","0","0","0","0","0","0"
"52","G","Romero, Sergio - MUN","WW","@BOUR Sat 5:30PM","0","0","0","0","0","0","0","0","0","0","0","0","0","0","0","0","0","0","0","0","0","0","0","0","0","0","0","0","0","0","0","0","0","0","0","0","0","0","0","0","0","0","0","0","0","0","0","0","0","0","0","0","0","0","0","0","0","0","0","0","0"
"53","G","Rose, Jack - WBA","FA","@LIV Sun 4:00PM","0","0","0","0","0","0","0","0","0","0","0","0","0","0","0","0","0","0","0","0","0","0","0","0","0","0","0","0","0","0","0","0","0","0","0","0","0","0","0","0","0","0","0","0","0","0","0","0","0","0","0","0","0","0","0","0","0","0","0","0","0"
"54","G","Ruddy, John - NOR","FA","EVE Sat 12:45PM","0","0","0","0","0","0","0","0","0","0","0","0","0","0","0","0","0","0","0","0","0","0","0","0","0","0","0","0","0","0","0","0","0","0","0","0","0","0","0","0","0","0","0","0","0","0","0","0","0","0","0","0","0","0","0","0","0","0","0","0","0"
"55","G","Schwarzer, Mark - LEIC","FA","CHE Mon 8:00PM","0","0","0","0","0","0","0","0","0","0","0","0","0","0","0","0","0","0","0","0","0","0","0","0","0","0","0","0","0","0","0","0","0","0","0","0","0","0","0","0","0","0","0","0","0","0","0","0","0","0","0","0","0","0","0","0","0","0","0","0","0"
"56","G","Speroni, Julian - CRY","FA","SOU Sat 3:00PM","0","0","0","0","0","0","0","0","0","0","0","0","0","0","0","0","0","0","0","0","0","0","0","0","0","0","0","0","0","0","0","0","0","0","0","0","0","0","0","0","0","0","0","0","0","0","0","0","0","0","0","0","0","0","0","0","0","0","0","0","0"
"57","G","Spiegel, Raphael - WHU","FA","STK Sat 3:00PM","0","0","0","0","0","0","0","0","0","0","0","0","0","0","0","0","0","0","0","0","0","0","0","0","0","0","0","0","0","0","0","0","0","0","0","0","0","0","0","0","0","0","0","0","0","0","0","0","0","0","0","0","0","0","0","0","0","0","0","0","0"
"58","G","Stanek, Jindrich - EVE","WW","@NOR Sat 12:45PM","0","0","0","0","0","0","0","0","0","0","0","0","0","0","0","0","0","0","0","0","0","0","0","0","0","0","0","0","0","0","0","0","0","0","0","0","0","0","0","0","0","0","0","0","0","0","0","0","0","0","0","0","0","0","0","0","0","0","0","0","0"
"59","G","Max Stryjek - SUN","WW","WAT Sat 3:00PM","0","0","0","0","0","0","0","0","0","0","0","0","0","0","0","0","0","0","0","0","0","0","0","0","0","0","0","0","0","0","0","0","0","0","0","0","0","0","0","0","0","0","0","0","0","0","0","0","0","0","0","0","0","0","0","0","0","0","0","0","0"
"60","G","Tremmel, Gerhard - SWA","WW","@MCI Sat 3:00PM","0","0","0","0","0","0","0","0","0","0","0","0","0","0","0","0","0","0","0","0","0","0","0","0","0","0","0","0","0","0","0","0","0","0","0","0","0","0","0","0","0","0","0","0","0","0","0","0","0","0","0","0","0","0","0","0","0","0","0","0","0"
"61","G","Vorm, Michel - TOT","FA","NEW Sun 4:00PM","0","0","0","0","0","0","0","0","0","0","0","0","0","0","0","0","0","0","0","0","0","0","0","0","0","0","0","0","0","0","0","0","0","0","0","0","0","0","0","0","0","0","0","0","0","0","0","0","0","0","0","0","0","0","0","0","0","0","0","0","0"
"62","G","Watkins, Bradley - AVL","WW","ARS Sun 1:30PM","0","0","0","0","0","0","0","0","0","0","0","0","0","0","0","0","0","0","0","0","0","0","0","0","0","0","0","0","0","0","0","0","0","0","0","0","0","0","0","0","0","0","0","0","0","0","0","0","0","0","0","0","0","0","0","0","0","0","0","0","0"
"63","G","Woodman, Freddie - NEW","WW","@TOT Sun 4:00PM","0","0","0","0","0","0","0","0","0","0","0","0","0","0","0","0","0","0","0","0","0","0","0","0","0","0","0","0","0","0","0","0","0","0","0","0","0","0","0","0","0","0","0","0","0","0","0","0","0","0","0","0","0","0","0","0","0","0","0","0","0"
"64","G","Wright, Richard - MCI","FA","SWA Sat 3:00PM","0","0","0","0","0","0","0","0","0","0","0","0","0","0","0","0","0","0","0","0","0","0","0","0","0","0","0","0","0","0","0","0","0","0","0","0","0","0","0","0","0","0","0","0","0","0","0","0","0","0","0","0","0","0","0","0","0","0","0","0","0"